{"step": 800000, "_timestamp": 1679946804.3492856, "_runtime": 4099.454628705978, "_step": 16049, "train_loss": {"loss_g": 0.37915039181709287, "loss": 0.37915039181709287}, "lr": 6.25e-05, "epoch": 49, "_wandb": {"runtime": 4075}}