{"step": 16000, "_timestamp": 1679942540.8376853, "_runtime": 84.13786435127258, "_step": 319, "train_loss": {"loss_g": 5.4585662984848025, "loss": 5.4585662984848025}, "lr": 0.0001, "_wandb": {"runtime": 85}}