{"step": 785300, "_timestamp": 1679951376.2636921, "_runtime": 4109.971743106842, "_step": 15763, "train_loss": {"loss_g": 0.3112264296412468, "loss": 0.3112264296412468}, "lr": 0.0001, "valid_metric": {"cider": 1.733829318291669}, "epoch": 48, "_wandb": {"runtime": 4108}}