{"step": 784800, "_timestamp": 1679955593.669777, "_runtime": 4127.355020999908, "_step": 15753, "train_loss": {"loss_g": 0.4248912239074707, "loss": 0.4248912239074707}, "lr": 0.0001, "valid_metric": {"cider": 1.8587787536482625}, "epoch": 48, "_wandb": {"runtime": 4125}}