{"step": 297400, "_timestamp": 1679942247.7485707, "_runtime": 1631.2491266727448, "_step": 5964, "train_loss": {"loss_g": 0.8594427794218064, "loss": 0.8594427794218064}, "lr": 0.0001, "epoch": 17, "_wandb": {"runtime": 1629}}